<?xml version='1.0' encoding='utf-8'?>
<castles>
	<common>
		<!-- Re-enable Siege period (in days) -->
		<NextSiegePeriod time="14"/>

		<!-- Length of siege before the count down (in minutes) -->
		<SiegeLength time="120"/>

		<!-- Minimum level to register -->
		<SiegeClanMinLevel val="4"/>

		<!-- Respawn times in ms -->
		<DefenderRespawn time="30000"/>

		<!-- Allow castle doors/gates to be operated by defenders under siege -->
		<OperateDoors val="true"/>

		<!-- Only Castle Lord can operate doors under siege if it allowed -->
		<OperateDoorsLordOnly val="true"/>

		<!--  Which values can change Castle Lords
			   default : day,hour,minute -->
		<CLSetSiegeTimeList val="day"/>

		<!--  Which hours can change Castle Lords
			   default : 0,1,2,3,4,5,6,7,8,9,10,11,12,13,14,15,16,17,18,19,20,21,22,23 -->
		<SiegeHourList val="0,1,2,3,4,5,6,7,8,9,10,11,12,13,14,15,16,17,18,19,20,21,22,23"/>

		<!-- When a clan wins a castle via a castle siege, the amount of Clan Fame earned is now 1,500 instead of 1,000 -->
		<CRPWin val="1500"/>

		<!-- When a clan's defense fails, the amount of Clan Fame lost is now 3,000 instead of 2,000 -->
		<CRPLose val="3000"/>

		<!-- Amount of Fame points awarded to players in siege zone each 5 min -->
		<FamePoints val="125"/>
	</common>

	<castle id="1" name="Gludio">
		<towers loosePenalty="150000">
			<control x="-18325" y="112811" z="-2377" npc="13002" hp="10000"/>
			<control x="-18048" y="107098" z="-2378" npc="13002" hp="10000"/>
			<control x="-18113" y="108597" z="-2343" npc="13002" hp="10000"/>
			<control x="-19329" y="108154" z="-2384" npc="13004" hp="10000" controlTrap="1"/>
			<control x="-18154" y="107591" z="-2560" npc="13004" hp="10000" controlTrap="2"/>
		</towers>

		<ambassadors>
			<!-- Shanty Fortress -->
			<ambassador npc="36393" fortress="101" x="-52989" y="156562" z="-1850" heading="0"/>
			<!-- Southern Fortress -->
			<ambassador npc="36394" fortress="102" x="-22464" y="219807" z="-3050" heading="0"/>
			<!-- Floran Fortress -->
			<ambassador npc="36435" fortress="112" x="5360" y="149688" z="-2700" heading="0"/>
			<!-- Cloud Mountain Fortress -->
			<ambassador npc="36437" fortress="113" x="-53304" y="91469" z="-2640" heading="0"/>
		</ambassadors>

		<artefacts>
			<artefact x="-18120" y="107984" z="-2483" heading="16384" npc="35063"/>
		</artefacts>

		<gatekeeper maxDelay="8" id="397"/>

		<skills>
			<skill id="593" level="1"/>
			<skill id="600" level="1"/>
			<skill id="606" level="1"/>			
		</skills>

		<reinforces>
			<trap id="1" name="Activate the trap near the entrance of the inner castle." eventId="1921001">
				<price level="1" cost="30000000"/>
				<price level="2" cost="60000000"/>
				<zone id="1011" level="1"/>
				<zone id="1012" level="2"/>
			</trap>
			<trap id="2" name="Activate the trap behind the garden in the inner castle." eventId="1921002">
				<price level="1" cost="30000000"/>
				<price level="2" cost="60000000"/>
				<zone id="1021" level="1"/>
				<zone id="1022" level="2"/>
			</trap>

			<gate id="3" name="Reinforce outer castle gate.">
				<price level="1" cost="10000000" mul="2"/>
				<price level="2" cost="30000000" mul="3"/>
				<price level="3" cost="90000000" mul="5"/>
				<door id="19210001"/>
				<door id="19210002"/>
			</gate>
			<gate id="4" name="Reinforce inner castle gate.">
				<price level="1" cost="10000000" mul="2"/>
				<price level="2" cost="30000000" mul="3"/>
				<price level="3" cost="90000000" mul="5"/>
				<door id="19210005"/>
				<door id="19210006"/>
			</gate>
			<gate id="5" name="Reinforce castle walls.">
				<price level="1" cost="10000000" mul="2"/>
				<price level="2" cost="30000000" mul="3"/>
				<price level="3" cost="90000000" mul="5"/>
				<door id="19210003"/>
				<door id="19210004"/>
			</gate>
		</reinforces>

	</castle>

	<castle id="2" name="Dion">
		<towers loosePenalty="150000">
			<control x="22285" y="156939" z="-2571" npc="13002" hp="10000"/>
			<control x="22008" y="162652" z="-2572" npc="13002" hp="10000"/>
			<control x="22073" y="161153" z="-2537" npc="13002" hp="10000"/>
			<control x="23289" y="161596" z="-2578" npc="13004" hp="10000" controlTrap="1"/>
			<control x="22114" y="162159" z="-2754" npc="13004" hp="10000" controlTrap="2"/>
		</towers>

		<ambassadors>
			<!-- Hive Fortress -->
			<ambassador npc="36395" fortress="103" x="16729" y="188249" z="-2740" heading="0"/>
			<!-- Floran Fortress -->
			<ambassador npc="36436" fortress="112" x="5360" y="149821" z="-2700" heading="0"/>
			<!-- Tanor Fortress -->
			<ambassador npc="36439" fortress="114" x="60266" y="139698" z="-1580" heading="0"/>
			<!-- Dragonspine Fortress -->
			<ambassador npc="36441" fortress="115" x="11460" y="95251" z="-3245" heading="0"/>
		</ambassadors>

		<artefacts>
			<artefact x="22081" y="161771" z="-2677" heading="49017" npc="35105"/>
		</artefacts>

		<gatekeeper maxDelay="8" id="361"/>

		<skills>
			<skill id="609" level="1"/>
			<skill id="597" level="1"/>
			<skill id="591" level="1"/>
		</skills>

		<reinforces>
			<trap id="1" name="Activate the trap near the entrance of the inner castle." eventId="2022001">
				<price level="1" cost="30000000"/>
				<price level="2" cost="60000000"/>
				<zone id="2011" level="1"/>
				<zone id="2012" level="2"/>
			</trap>
			<trap id="2" name="Activate the trap behind the garden in the inner castle." eventId="2022002">
				<price level="1" cost="30000000"/>
				<price level="2" cost="60000000"/>
				<zone id="2021" level="1"/>
				<zone id="2022" level="2"/>
			</trap>

			<gate id="3" name="Reinforce outer castle gate.">
				<price level="1" cost="10000000" mul="2"/>
				<price level="2" cost="30000000" mul="3"/>
				<price level="3" cost="90000000" mul="5"/>
				<door id="20220001"/>
				<door id="20220002"/>
			</gate>
			<gate id="4" name="Reinforce inner castle gate.">
				<price level="1" cost="10000000" mul="2"/>
				<price level="2" cost="30000000" mul="3"/>
				<price level="3" cost="90000000" mul="5"/>
				<door id="20220005"/>
				<door id="20220006"/>
			</gate>
			<gate id="5" name="Reinforce castle walls.">
				<price level="1" cost="10000000" mul="2"/>
				<price level="2" cost="30000000" mul="3"/>
				<price level="3" cost="90000000" mul="5"/>
				<door id="20220003"/>
				<door id="20220004"/>
			</gate>
		</reinforces>

	</castle>

	<castle id="3" name="Giran">
		<towers loosePenalty="150000">
			<control x="113115" y="144829" z="-2446" npc="13002" hp="10000"/>
			<control x="118828" y="145106" z="-2447" npc="13002" hp="10000"/>
			<control x="117329" y="145041" z="-2412" npc="13002" hp="10000"/>
			<control x="117768" y="143880" z="-2451" npc="13004" hp="10000" controlTrap="1"/>
			<control x="118331" y="145055" z="-2627" npc="13004" hp="10000" controlTrap="2"/>
		</towers>

		<ambassadors>
			<!-- Valley Fortress -->
			<ambassador npc="36396" fortress="104" x="126081" y="123590" z="-2400" heading="0"/>
			<!-- Tanor Fortress -->
			<ambassador npc="36440" fortress="114" x="60399" y="139669" z="-1580" heading="0"/>
			<!-- Antharas Fortress -->
			<ambassador npc="36444" fortress="116" x="79436" y="91254" z="-2700" heading="0"/>
			<!-- Hunters Fortress -->
			<ambassador npc="36449" fortress="118" x="125132" y="95420" z="-1950" heading="0"/>
			<!-- Aaru Fortress -->
			<ambassador npc="36451" fortress="119" x="72878" y="186156" z="-2400" heading="0"/>
		</ambassadors>

		<artefacts>
			<artefact x="117939" y="145090" z="-2550" heading="32768" npc="35147"/>
		</artefacts>

		<gatekeeper maxDelay="8" id="373"/>

		<skills>
			<skill id="592" level="1"/>
			<skill id="601" level="1"/>
			<skill id="610" level="1"/>
		</skills>

		<reinforces>
			<trap id="1" name="Activate the trap near the entrance of the inner castle." eventId="2322001">
				<price level="1" cost="30000000"/>
				<price level="2" cost="60000000"/>
				<zone id="3011" level="1"/>
				<zone id="3012" level="2"/>
			</trap>
			<trap id="2" name="Activate the trap behind the garden in the inner castle." eventId="2322002">
				<price level="1" cost="30000000"/>
				<price level="2" cost="60000000"/>
				<zone id="3021" level="1"/>
				<zone id="3022" level="2"/>
			</trap>

			<gate id="3" name="Reinforce outer castle gate.">
				<price level="1" cost="10000000" mul="2"/>
				<price level="2" cost="30000000" mul="3"/>
				<price level="3" cost="90000000" mul="5"/>
				<door id="23220001"/>
				<door id="23220002"/>
			</gate>
			<gate id="4" name="Reinforce inner castle gate.">
				<price level="1" cost="10000000" mul="2"/>
				<price level="2" cost="30000000" mul="3"/>
				<price level="3" cost="90000000" mul="5"/>
				<door id="23220005"/>
				<door id="23220006"/>
			</gate>
			<gate id="5" name="Reinforce castle walls.">
				<price level="1" cost="10000000" mul="2"/>
				<price level="2" cost="30000000" mul="3"/>
				<price level="3" cost="90000000" mul="5"/>
				<door id="23220003"/>
				<door id="23220004"/>
			</gate>
		</reinforces>

	</castle>

	<castle id="4" name="Oren">
		<towers loosePenalty="150000">
			<control x="79193" y="36977" z="-2167" npc="13002" hp="10000"/>
			<control x="84906" y="37254" z="-2168" npc="13002" hp="10000"/>
			<control x="83407" y="37189" z="-2133" npc="13002" hp="10000"/>
			<control x="83844" y="35975" z="-2178" npc="13004" hp="10000" controlTrap="1"/>
			<control x="84407" y="37150" z="-2354" npc="13004" hp="10000" controlTrap="2"/>
		</towers>

		<ambassadors>
			<!-- Ivory Fortress -->
			<ambassador npc="36397" fortress="105" x="72697" y="4467" z="-2860" heading="0"/>
			<!-- Cloud Mountain Fortress -->
			<ambassador npc="36438" fortress="113" x="-53142" y="91466" z="-2640" heading="0"/>
			<!-- Dragonspine Fortress -->
			<ambassador npc="36442" fortress="115" x="11618" y="95252" z="-3245" heading="0"/>
			<!-- Antharas Fortress -->
			<ambassador npc="36443" fortress="116" x="79510" y="91108" z="-2700" heading="0"/>
			<!-- Western Fortress -->
			<ambassador npc="36446" fortress="117" x="111295" y="-14886" z="-810" heading="0"/>
		</ambassadors>

		<artefacts>
			<artefact x="84014" y="37184" z="-2277" heading="16384" npc="35189"/>
		</artefacts>

		<gatekeeper maxDelay="8" id="385"/>

		<skills>
			<skill id="590" level="1"/>
			<skill id="598" level="1"/>
			<skill id="605" level="1"/>
		</skills>

		<reinforces>
			<trap id="1" name="Activate the trap near the entrance of the inner castle." eventId="2219001">
				<price level="1" cost="30000000"/>
				<zone id="4011" level="1"/>
				<zone id="4012" level="1"/>
			</trap>
			<trap id="2" name="Activate the trap behind the garden in the inner castle." eventId="2219002">
				<price level="1" cost="30000000"/>
				<zone id="4021" level="1"/>
				<zone id="4022" level="1"/>
			</trap>

			<gate id="3" name="Reinforce outer castle gate.">
				<price level="1" cost="10000000" mul="2"/>
				<price level="2" cost="30000000" mul="3"/>
				<price level="3" cost="90000000" mul="5"/>
				<door id="22190001"/>
				<door id="22190002"/>
			</gate>
			<gate id="4" name="Reinforce inner castle gate.">
				<price level="1" cost="10000000" mul="2"/>
				<price level="2" cost="30000000" mul="3"/>
				<price level="3" cost="90000000" mul="5"/>
				<door id="22190005"/>
				<door id="22190006"/>
			</gate>
			<gate id="5" name="Reinforce castle walls.">
				<price level="1" cost="10000000" mul="2"/>
				<price level="2" cost="30000000" mul="3"/>
				<price level="3" cost="90000000" mul="5"/>
				<door id="22190003"/>
				<door id="22190004"/>
			</gate>
		</reinforces>
	</castle>

	<castle id="5" name="Aden">
		<towers loosePenalty="65000">
			<control x="148774" y="2351" z="-389" npc="13002" hp="10000"/>
			<control x="147456" y="5724" z="158" npc="13002" hp="10000"/>
			<control x="146137" y="2352" z="-389" npc="13002" hp="10000"/>
			<control x="149460" y="8128" z="-464" npc="13002" hp="10000"/>
			<control x="145461" y="8138" z="-464" npc="13002" hp="10000"/>
			<control x="146161" y="6928" z="-397" npc="13002" hp="10000"/>
			<control x="148754" y="6934" z="-397" npc="13002" hp="10000"/>
			<control x="144955" y="1603" z="-450" npc="13004" hp="10000" controlTrap="1"/>
			<control x="149976" y="1583" z="-450" npc="13004" hp="10000" controlTrap="2"/>
		</towers>

		<ambassadors>
			<!-- Narsell Fortress -->
			<ambassador npc="36398" fortress="106" x="154691" y="55481" z="-3200" heading="0"/>
			<!-- Bayou Fortress -->
			<ambassador npc="36399" fortress="107" x="189956" y="40016" z="-3360" heading="0"/>
			<!-- Western Fortress -->
			<ambassador npc="36445" fortress="117" x="111373" y="-14889" z="-810" heading="0"/>
			<!-- Hunters Fortress -->
			<ambassador npc="36448" fortress="118" x="125334" y="95420" z="-1950" heading="0"/>
		</ambassadors>

		<artefacts>
			<artefact x="147465" y="1537" z="-373" heading="16384" npc="35233"/>
		</artefacts>

		<gatekeeper maxDelay="8" id="413"/>

		<skills>
			<skill id="596" level="1"/>
			<skill id="602" level="1"/>
			<skill id="608" level="1"/>
		</skills>

		<reinforces>
			<trap id="1" name="Deploy the device west of the castle" eventId="2418001">
				<price level="1" cost="20000000"/>
				<price level="2" cost="40000000"/>
				<price level="3" cost="60000000"/>
				<price level="4" cost="80000000"/>
				<zone id="5011" level="1"/>
				<zone id="5012" level="2"/>
				<zone id="5013" level="3"/>
				<zone id="5014" level="4"/>
			</trap>
			<trap id="2" name="Deploy the device east of the castle" eventId="2418002">
				<price level="1" cost="20000000"/>
				<price level="2" cost="40000000"/>
				<price level="3" cost="60000000"/>
				<price level="4" cost="80000000"/>
				<zone id="5021" level="1"/>
				<zone id="5022" level="2"/>
				<zone id="5023" level="3"/>
				<zone id="5024" level="4"/>
			</trap>

			<gate id="3" name="Reinforce outer castle gate">
				<price level="1" cost="10000000" mul="2"/>
				<price level="2" cost="30000000" mul="3"/>
				<price level="3" cost="90000000" mul="5"/>
				<door id="24180001"/>
				<door id="24180002"/>
			</gate>
			<gate id="4" name="Reinforce western inner castle gate">
				<price level="1" cost="10000000" mul="2"/>
				<price level="2" cost="30000000" mul="3"/>
				<price level="3" cost="90000000" mul="5"/>
				<door id="24180012"/>
				<door id="24180013"/>
			</gate>
			<gate id="5" name="Reinforce eastern inner castle gate">
				<price level="1" cost="10000000" mul="2"/>
				<price level="2" cost="30000000" mul="3"/>
				<price level="3" cost="90000000" mul="5"/>
				<door id="24180014"/>
				<door id="24180015"/>
			</gate>
			<gate id="6" name="Reinforce entrance to inner castle hall">
				<price level="1" cost="10000000" mul="2"/>
				<price level="2" cost="30000000" mul="3"/>
				<price level="3" cost="90000000" mul="5"/>
				<door id="24180004"/>
				<door id="24180005"/>
			</gate>
			<gate id="7" name="Reinforce outer castle wall">
				<price level="1" cost="10000000" mul="2"/>
				<price level="2" cost="30000000" mul="3"/>
				<price level="3" cost="90000000" mul="5"/>
				<door id="24180006"/>
				<door id="24180011"/>
			</gate>
			<gate id="8" name="Reinforce inner castle wall">
				<price level="1" cost="10000000" mul="2"/>
				<price level="2" cost="30000000" mul="3"/>
				<price level="3" cost="90000000" mul="5"/>
				<door id="24180003"/>
			</gate>
		</reinforces>
	</castle>

	<castle id="6" name="Innadril">
		<towers loosePenalty="150000">
			<control x="116236" y="245718" z="-667" npc="13002" hp="10000"/>
			<control x="115959" y="251431" z="-667" npc="13002" hp="10000"/>
			<control x="116024" y="249932" z="-633" npc="13002" hp="10000"/>
			<control x="117240" y="250375" z="-674" npc="13004" hp="10000" controlTrap="1"/>
			<control x="116065" y="250938" z="-850" npc="13004" hp="10000" controlTrap="2"/>
		</towers>

		<ambassadors>
			<!-- White Sands Fortress -->
			<ambassador npc="36400" fortress="108" x="118665" y="205079" z="-3180" heading="0"/>
			<!-- Aaru Fortress -->
			<ambassador npc="36450" fortress="119" x="73041" y="186267" z="-2400" heading="0"/>
		</ambassadors>

		<artefacts>
			<artefact x="116031" y="250555" z="-798" heading="49200" npc="35279"/>
		</artefacts>

		<gatekeeper maxDelay="8" id="15004"/>

		<skills>
			<skill id="595" level="1"/>
			<skill id="599" level="1"/>
			<skill id="607" level="1"/>			
		</skills>

		<reinforces>
			<trap id="1" name="Activate the trap near the entrance of the inner castle." eventId="2325001">
				<price level="1" cost="30000000"/>
				<price level="2" cost="60000000"/>
				<zone id="6011" level="1"/>
				<zone id="6012" level="2"/>
			</trap>
			<trap id="2" name="Activate the trap behind the garden in the inner castle." eventId="2325002">
				<price level="1" cost="30000000"/>
				<price level="2" cost="60000000"/>
				<zone id="6021" level="1"/>
				<zone id="6022" level="2"/>
			</trap>

			<gate id="3" name="Reinforce outer castle gate.">
				<price level="1" cost="10000000" mul="2"/>
				<price level="2" cost="30000000" mul="3"/>
				<price level="3" cost="90000000" mul="5"/>
				<door id="23250001"/>
				<door id="23250002"/>
			</gate>
			<gate id="4" name="Reinforce inner castle gate.">
				<price level="1" cost="10000000" mul="2"/>
				<price level="2" cost="30000000" mul="3"/>
				<price level="3" cost="90000000" mul="5"/>
				<door id="23250005"/>
				<door id="23250006"/>
			</gate>
			<gate id="5" name="Reinforce castle walls.">
				<price level="1" cost="10000000" mul="2"/>
				<price level="2" cost="30000000" mul="3"/>
				<price level="3" cost="90000000" mul="5"/>
				<door id="23250003"/>
				<door id="23250004"/>
			</gate>
		</reinforces>
	</castle>

	<castle id="7" name="Goddard">
		<towers loosePenalty="150000">
			<control x="144672" y="-48832" z="-1742" npc="13002" hp="10000"/>
			<control x="150240" y="-48832" z="-1742" npc="13002" hp="10000"/>
			<control x="147456" y="-49200" z="-1619" npc="13002" hp="10000"/>
			<control x="148144" y="-46992" z="-1609" npc="13004" hp="10000" controlTrap="1"/>
			<control x="146784" y="-46992" z="-1609" npc="13004" hp="10000" controlTrap="2"/>
		</towers>
		<ambassadors>
			<!-- Borderland Fortress -->
			<ambassador npc="36401" fortress="109" x="158925" y="-70152" z="-2680" heading="0"/>
			<!-- Western Fortress -->
			<ambassador npc="36447" fortress="117" x="111461" y="-14888" z="-810" heading="0"/>
			<!-- Demon Fortress -->
			<ambassador npc="36453" fortress="120" x="100446" y="-55407" z="-460" heading="0"/>
		</ambassadors>

		<artefacts>
			<artefact x="146601" y="-50441" z="-1505" heading="32768" npc="35322"/>
			<artefact x="148353" y="-50457" z="-1505" heading="32768" npc="35323"/>
		</artefacts>

		<gatekeeper maxDelay="8" id="15000"/>

		<skills>
			<skill id="590" level="1"/>
			<skill id="594" level="1"/>
			<skill id="603" level="1"/>
		</skills>

		<reinforces>
			<trap id="1" name="Activate the trap near the east entrance of the 2nd floor." eventId="2416001">
				<price level="1" cost="60000000"/>
				<zone id="7011" level="1"/>
			</trap>
			<trap id="2" name="Activate the trap near the west entrance of the 2nd floor." eventId="2416002">
				<price level="1" cost="60000000"/>
				<zone id="7021" level="1"/>
			</trap>

			<gate id="3" name="Outer Doors Reinforcement">
				<price level="1" cost="10000000" mul="2"/>
				<price level="2" cost="30000000" mul="3"/>
				<price level="3" cost="90000000" mul="5"/>
				<door id="24160009"/>
				<door id="24160010"/>
			</gate>
			<gate id="4" name="Inner Doors Reinforcement 1F">
				<price level="1" cost="10000000" mul="2"/>
				<price level="2" cost="30000000" mul="3"/>
				<price level="3" cost="90000000" mul="5"/>
				<door id="24160011"/>
				<door id="24160012"/>
				<door id="24160023"/>
			</gate>
			<gate id="5" name="Inner Doors Reinforcement 2F">
				<price level="1" cost="10000000" mul="2"/>
				<price level="2" cost="30000000" mul="3"/>
				<price level="3" cost="90000000" mul="5"/>
				<door id="24160017"/>
				<door id="24160018"/>
				<door id="24160013"/>
				<door id="24160014"/>
			</gate>
			<gate id="6" name="Outer Walls Reinforcement">
				<price level="1" cost="10000000" mul="2"/>
				<price level="2" cost="30000000" mul="3"/>
				<price level="3" cost="90000000" mul="5"/>
				<door id="24160021"/>
				<door id="24160022"/>
			</gate>
			<gate id="7" name="Inner Walls Reinforcement">
				<price level="1" cost="10000000" mul="2"/>
				<price level="2" cost="30000000" mul="3"/>
				<price level="3" cost="90000000" mul="5"/>
				<door id="24160019"/>
				<door id="24160020"/>
			</gate>
		</reinforces>
	</castle>

	<castle id="8" name="Rune">
		<reinforcePrice lvl1="10000000" lvl2="30000000" lvl3="90000000"/>
		<trapPrice levelUp="70000000"/>
		<towers loosePenalty="112000">
			<control x="18257" y="-49135" z="-570" npc="13002" hp="10000"/>
			<control x="16517" y="-47999" z="-640" npc="13002" hp="10000"/>
			<control x="16517" y="-50292" z="-640" npc="13002" hp="10000"/>
			<control x="8352" y="-49058" z="1252" npc="13002" hp="10000"/>
			<control x="13468" y="-52396" z="908" npc="13004" hp="10000" controlTrap="1"/>
			<control x="13468" y="-45902" z="908" npc="13004" hp="10000" controlTrap="2"/>
		</towers>
		<ambassadors>
			<!-- Swamp Fortress -->
			<ambassador npc="36433" fortress="110" x="69967" y="-61177" z="-2600" heading="0"/>
			<!-- Demon Fortress -->
			<ambassador npc="36452" fortress="120" x="100447" y="-55219" z="-460" heading="0"/>
			<!-- Monastic Fortress -->
			<ambassador npc="36454" fortress="121" x="72178" y="-94468" z="-1240" heading="0"/>
		</ambassadors>

		<artefacts>
			<artefact x="9126" y="-49161" z="1094" heading="64270" npc="35469"/>
		</artefacts>

		<gatekeeper maxDelay="8" id="15005"/>

		<skills>
			<skill id="593" level="1"/>
			<skill id="599" level="1"/>
			<skill id="604" level="1"/>
		</skills>

		<reinforces>
			<trap id="1" name="Activate the trap near the north entrance of the 2nd floor." eventId="2016001">
				<price level="1" cost="60000000"/>
				<zone id="8011" level="1"/>
			</trap>
			<trap id="2" name="Activate the trap near the south entrance of the 2nd floor." eventId="2016002">
				<price level="1" cost="60000000"/>
				<zone id="8021" level="1"/>
			</trap>

			<gate id="3" name="Reinforce outer castle gate.">
				<price level="1" cost="10000000" mul="2"/>
				<price level="2" cost="30000000" mul="3"/>
				<price level="3" cost="90000000" mul="5"/>
				<door id="20160001"/>
				<door id="20160002"/>
			</gate>
			<gate id="4" name="Reinforce inner castle gate.">
				<price level="1" cost="10000000" mul="2"/>
				<price level="2" cost="30000000" mul="3"/>
				<price level="3" cost="90000000" mul="5"/>
				<door id="20160003"/>
				<door id="20160004"/>
				<door id="20160005"/>
			</gate>
			<gate id="5" name="Reinforce castle walls.">
				<price level="1" cost="10000000" mul="2"/>
				<price level="2" cost="30000000" mul="3"/>
				<price level="3" cost="90000000" mul="5"/>
				<door id="20160007"/>
				<door id="20160008"/>
			</gate>
		</reinforces>
	</castle>

	<castle id="9" name="Schuttgart">
		<towers loosePenalty="150000">
			<control x="80334" y="-152896" z="5" npc="13002" hp="10000"/>
			<control x="74764" y="-152896" z="5" npc="13002" hp="10000"/>
			<control x="77547" y="-153246" z="100" npc="13002" hp="10000"/>
			<control x="75905" y="-152502" z="115" npc="13004" hp="10000" controlTrap="1"/>
			<control x="79206" y="-152517" z="115" npc="13004" hp="10000" controlTrap="2"/>
		</towers>

		<ambassadors>
			<!-- Archaic Fortress -->
			<ambassador npc="36434" fortress="111" x="109250" y="-141148" z="-2780" heading="0"/>
			<!-- Monastic Fortress -->
			<ambassador npc="36455" fortress="121" x="72361" y="-94557" z="-1240" heading="0"/>
		</ambassadors>

		<artefacts>
			<artefact x="76668" y="-154520" z="226" heading="0" npc="35515"/>
			<artefact x="78446" y="-154524" z="227" heading="0" npc="35514"/>
		</artefacts>

		<gatekeeper maxDelay="8" id="15006"/>

		<skills>
			<skill id="592" level="1"/>
			<skill id="600" level="1"/>
			<skill id="610" level="1"/>			
		</skills>

		<reinforces>
			<trap id="1" name="Activate the trap near the east entrance of the 2nd floor." eventId="2213001">
				<price level="1" cost="60000000"/>
				<zone id="9011" level="1"/>
			</trap>
			<trap id="2" name="Activate the trap near the west entrance of the 2nd floor." eventId="2213002">
				<price level="1" cost="60000000"/>
				<zone id="9021" level="1"/>
			</trap>

			<gate id="3" name="Outer Doors Reinforcement">
				<price level="1" cost="10000000" mul="2"/>
				<price level="2" cost="30000000" mul="3"/>
				<price level="3" cost="90000000" mul="5"/>
				<door id="22130001"/>
				<door id="22130002"/>
			</gate>
			<gate id="4" name="Inner Doors Reinforcement 1F">
				<price level="1" cost="10000000" mul="2"/>
				<price level="2" cost="30000000" mul="3"/>
				<price level="3" cost="90000000" mul="5"/>
				<door id="22130003"/>
				<door id="22130006"/>
				<door id="22130007"/>
			</gate>
			<gate id="5" name="Inner Doors Reinforcement 2F">
				<price level="1" cost="10000000" mul="2"/>
				<price level="2" cost="30000000" mul="3"/>
				<price level="3" cost="90000000" mul="5"/>
				<door id="22130008"/>
				<door id="22130009"/>
				<door id="22130010"/>
				<door id="22130011"/>
			</gate>
			<gate id="6" name="Outer Walls Reinforcement">
				<price level="1" cost="10000000" mul="2"/>
				<price level="2" cost="30000000" mul="3"/>
				<price level="3" cost="90000000" mul="5"/>
				<door id="22130004"/>
				<door id="22130005"/>
			</gate>
			<gate id="7" name="Inner Walls Reinforcement">
				<price level="1" cost="10000000" mul="2"/>
				<price level="2" cost="30000000" mul="3"/>
				<price level="3" cost="90000000" mul="5"/>
				<door id="22130012"/>
				<door id="22130013"/>
			</gate>
		</reinforces>
	</castle>
</castles>